{
  "builders": [
    {
      "boot_command": [
        "<tab> text ks=http://{{ .HTTPIP }}:{{ .HTTPPort }}/vagrant.ks<enter><wait>"
      ],
      "boot_wait": "10s",
      "disk_size": "10240",
      "export_opts": [
        "--manifest",
        "--vsys",
        "0",
        "--description",
        "{{user `artifact_description`}}",
        "--version",
        "{{user `artifact_version`}}"
      ],
      "guest_os_type": "RedHat_64",
      "http_directory": "http",
      "iso_checksum": "sha256:389ddb679e4998bbb3c18efc211b2b5caf37695e709182a60f5b208ee156ed7f",
      "iso_url": "https://mirror.linux-ia64.org/centos/8-stream/isos/x86_64/CentOS-Stream-8-x86_64-latest-boot.iso",
      "name": "{{user `image_name`}}",
      "output_directory": "builds",
      "shutdown_command": "echo '{{user `ssh_pass`}}' | sudo -S /sbin/halt -h -p",
      "shutdown_timeout": "5m",
      "ssh_password": "{{user `ssh_pass`}}",
      "ssh_port": 22,
      "ssh_pty": true,
      "ssh_timeout": "9999m",
      "ssh_username": "vagrant",
      "type": "virtualbox-iso",
      "vboxmanage": [
        [
          "modifyvm",
          "{{.Name}}",
          "--memory",
          "1024"
        ],
        [
          "modifyvm",
          "{{.Name}}",
          "--cpus",
          "2"
        ],
        ["modifyvm", "{{.Name}}", "--nat-localhostreachable1", "on"]
      ],
      "vm_name": "packer-centos-vm"
    }
  ],
  "post-processors": [
    {
      "compression_level": "5",
      "output": "centos-{{user `artifact_version`}}-kernel-6-x86_64-Minimal.box",
      "type": "vagrant"
    }
  ],
  "provisioners": [
    {
      "execute_command": "echo '{{user `ssh_pass`}}' | {{.Vars}} sudo -S -E bash '{{.Path}}'",
      "expect_disconnect": true,
      "override": {
        "{{user `image_name`}}": {
          "scripts": [
            "scripts/stage-1-kernel-update.sh",
            "scripts/stage-2-clean.sh"
          ]
        }
      },
      "pause_before": "20s",
      "start_retry_timeout": "1m",
      "type": "shell"
    }
  ],
  "variables": {
    "artifact_description": "CentOS 8 Stream with kernel 6.x",
    "artifact_version": "8",
    "image_name": "centos-8stream",
    "ssh_pass": "vagrant"
  }
}
